"SiteID","Treatment","Measurement"
1,"A",20.0251041184327
2,"B",22.1450307332649
3,"A",20.2181195950124
4,"B",24.7771205002017
5,"A",23.9999273313962
7,"B",22.39795184936
8,"A",20.5184358757519
9,"B",14.8332807494304
12,"A",23.9938821462594
14,"B",20.792758598214
15,"A",27.2949840289051
16,"B",16.6866160269683
