"SiteID","AvgTempC","AvgRainfallmm"
1,6.66697285005187,434.226738716673
2,7.1187266985248,433.922392544809
3,8.77828124781992,444.764343901959
4,7.04391063478051,416.133002815767
5,8.44813606065107,439.639494461129
