"SiteID","AvgTempC","AvgRainfallmm"
6,7.55345198597917,436.894514160513
7,8.25726132494371,426.276110505162
8,6.73546629950708,419.046087027196
9,9.07435296194971,430.182749389889
10,8.60697876356359,426.66573262675
