"SiteID","AvgTempC","AvgRainfallmm","Elevation_m"
5,8.44813606065107,439.639494461129,1827
4,7.04391063478051,416.133002815767,1855
2,7.1187266985248,433.922392544809,1911
10,8.60697876356359,426.66573262675,1844
17,9.83290595789884,401.765755231286,1986
18,11.3421616873703,397.448586367652,1933
19,8.95140652506741,421.123633648816,1889
20,8.95086702179815,410.078499879104,1892
