"SiteID","AvgTempC","AvgRainfallmm","Elevation_m"
11,8.15580756024225,406.809997804957,1911
12,9.90088785906311,423.011007409126,1883
13,9.93687183445495,420.912923069547,1922
14,9.71780516406504,421.290461258925,1882
15,8.13674545038608,421.919466395557,1950
16,9.71325617214454,409.623776664362,1932
