"SiteID","AvgRainfallmm","AvgTempC"
6,436.894514160513,7.55345198597917
7,426.276110505162,8.25726132494371
8,419.046087027196,6.73546629950708
9,430.182749389889,9.07435296194971
10,426.66573262675,8.60697876356359
